Designator,Val,Package,Mid X,Mid Y,Rotation,Layer
C1,4.7u,C_1206_3216Metric_Pad1.33x1.80mm_HandSolder,183.76,-125,-90,top
C2,0.1u,C_0603_1608Metric_Pad1.08x0.95mm_HandSolder,176.6375,-107.4,180,top
C3,0.1u,C_0603_1608Metric_Pad1.08x0.95mm_HandSolder,180.2375,-107.3,0,top
D1,CQY99,LED_D5.0mm_IRGrey,110,-59,0,top
D2,D_TVS,D_DO-41_SOD81_P7.62mm_Horizontal,185.38,-98,0,top
F1,Polyfuse,C_Disc_D10.5mm_W5.0mm_P5.00mm,190.5,-93.5,180,top
J1,Conn_01x06_Socket,PinHeader_1x06_P2.54mm_Vertical,151.8,-58.72,0,top
J2,Conn_01x04_Socket,JST_XH_S4B-XH-A-1_1x04_P2.50mm_Horizontal,138.25,-63.35,180,top
J3,Conn_01x08_Socket,JST_XA_S08B-XASK-1_1x08_P2.50mm_Horizontal,188.25,-87.1,90,top
J4,Conn_01x04_Socket,PinHeader_1x04_P2.54mm_Vertical,127.2,-80.9,180,top
J5,Conn_01x04_Socket,PinHeader_1x04_P2.54mm_Vertical,134.8,-80.9,180,top
J6,Conn_01x02_Socket,PinHeader_1x02_P2.54mm_Vertical,192,-102.5,90,top
J7,Conn_01x02_Socket,PinHeader_1x02_P2.54mm_Vertical,192,-117.5,90,top
J8,Conn_01x07_Socket,PinHeader_1x07_P2.54mm_Vertical,184.5,-117.5,180,top
Q1,2N7000,TO-92_Inline,112.04,-73,180,top
R1,10k,R_Axial_DIN0207_L6.3mm_D2.5mm_P10.16mm_Horizontal,178.5,-69.42,-90,top
R2,10k,R_Axial_DIN0207_L6.3mm_D2.5mm_P10.16mm_Horizontal,178.5,-94.83,90,top
R3,4.7k,R_Axial_DIN0207_L6.3mm_D2.5mm_P10.16mm_Horizontal,139,-71.92,-90,top
R4,4.7k,R_Axial_DIN0207_L6.3mm_D2.5mm_P10.16mm_Horizontal,142.95,-71.92,-90,top
R5,100,R_Axial_DIN0207_L6.3mm_D2.5mm_P10.16mm_Horizontal,105.5,-88.08,90,top
R6,0,R_0603_1608Metric_Pad0.98x0.95mm_HandSolder,123,-85.75,90,top
R7,R,R_Axial_DIN0207_L6.3mm_D2.5mm_P10.16mm_Horizontal,105.5,-62.84,-90,top
R8,0,R_Axial_DIN0207_L6.3mm_D2.5mm_P10.16mm_Horizontal,109.5,-93.92,-90,top
R9,R,R_Axial_DIN0207_L6.3mm_D2.5mm_P10.16mm_Horizontal,109.5,-77.92,-90,top
R10,1M,R_1206_3216Metric_Pad1.30x1.75mm_HandSolder,186.5,-125,-90,top
R11,5.1k,R_0603_1608Metric_Pad0.98x0.95mm_HandSolder,180.25,-116.5875,-90,top
R12,5.1k,R_0603_1608Metric_Pad0.98x0.95mm_HandSolder,177.25,-116.5875,-90,top
U1,~,esp32-devkit,177.11,-110,90,top
U2,TSOP21xx,Vishay_MOLD-3Pin,106.96,-118.685,0,top
U3,~,SOT-89-5_Handsoldering,179.1,-102.3,-90,top
